bc2021,bc_naam,mbc,mbc_code,pDiscr,gini_inc_st,avg_inc,sh_housow1,sh_housow3,simp_educ,simp_motive,simp_conbirth,median_inc,totalhh,sh_housow2,sh_housow8,avg_welfare,sh_welf1,sh_welf2,sh_welf3,sh_welf4,sh_welf5,sh_educ1,sh_educ3,sh_educ4,sh_educ5,sh_educ6,sh_recent,sh_stat1,sh_stat2,sh_stat3,sh_stat4,sh_stat5,totalpop,N_conbirth,forborn_sh,NLbornbur,abs_disrep,gini_inc_st_norm,avg_inc_norm,sh_housow1_norm,sh_housow3_norm,simp_educ_norm,simp_motive_norm,simp_conbirth_norm,pDiscr_norm
English,,,,Percent discriminated,Income inequality Index,Average income,Houseowners %,Subsidised rental %,Educational inequality index,Diversity of migration motive,Diversity index country of birth,Most common income,Number of households,Rental house %,Institutional housing %,Average of welfare dependency,Independent from welfare %,Minor welfare dependency %,Partial welfare dependency %,Mainly dependent on welfare %,Complete welfare dependency %,Basis practical education %,Middle level education %,Middle high education %,High education %,Very high education %,Recent migrants %,Family migrants %,Work migrants %,Study migrants %,Asylum migrants %,Other migrants %,Total Residents,Number of various countries of births in buurt,Share of foreign-born in buurt %,Number of Dutch-born in buurt,Number of discrimination reports,Income inequality Index (Normalized),Average income (Normalized),Houseowners (Normalized),Subsidised rental (Normalized),Educational inequality index (Normalized),Diversity of migration motive (Normalized),Diversity index country of birth (Normalized),Percent discrimination (Normalized)
Dutch,,,,Percent discriminated,Inkomen ongelijkheid index,Gemiddelde inkomen,Huiseigenaren,Sociale huurwoningen,Opleidingsongelijkheid index,Migratie motief diversiteit,Geboorteland diversiteits index,Meest voorkomende inkomen,Aantal huishoudens,Huurhuizen,Mensen woonachtig in instituut,Gemiddeld afhankelijk van sociale voorzieningen,Onafhankelijk van sociale voorzieningen,Voor een klein deel afhankelijk van sociale voorzieningen,Deels afhankelijk van sociale voorzieningen,Voornamelijk afhankelijk van sociale voorzieningen,Compleetafhankelijk van sociale voorzieningen,Basis opleiding,Middelbaaronderwijs,Hoogmiddelbaar onderwijs,Hoog opgeleid,Zeer hoog opgeleid,Recent gearriveerde migranten,Familie migranten,Arbeids migranten,Studiegerelateerde migranten,Asielzoekers,Overige migranten,Totale inwoners,,,,Aantal discriminatie meldingen,Inkomen ongelijkheid index,Gemiddelde inkomen,Huiseigenaren,Sociale huurwoningen,Opleidingsongelijkheid index,Migratie motief diversiteit,Geboorteland diversiteits index,Percent discrimination
Inequality map (intersectional),,,,No,No,No,No,No,No,No,No,No,No,No,No,No,No,No,No,No,No,No,No,No,No,No,No,No,No,No,No,No,No,No,No,No,No,Yes,Yes,Yes,Yes,Yes,Yes,Yes,Yes
Traditional map,,,,Yes,Yes,Yes,Yes,Yes,Yes,Yes,Yes,Yes,Yes (Context information),Yes,Yes,Yes,Yes,Yes,Yes,Yes,Yes,Yes,Yes,Yes,Yes,Yes,Yes,Yes,Yes,Yes,Yes,Yes,Yes (context information),Yes (context information),Yes,Yes (context information),Yes,No,No,No,No,No,No,No,No
Dimension English,Neighboorhood,Neighborhood merged,Neighborhood merged code,Discrimination,Income,Income,Housing,Housing,Education,Migration Diversity,Migration Diversity,Income,Context,Housing,Housing,Economic independency,Economic independency,Economic independency,Economic independency,Economic independency,Economic independency,Education,Education,Education,Education,Education,Migration diversity,Migration diversity,Migration diversity,Migration diversity,Migration diversity,Migration diversity,Context,Migration diversity,Migration diversity,Migration diversity,Discrimination reports,Income,Income,Housing,Housing,Education,Migration Diversity,Migration Diversity,Percent Discrimination
Dimensie Dutch,Buurt,,,Discriminatie,Inkomen,Inkomen,Huisvesting,Huisvesting,Opleidingsniveau,Migratie Diversiteit,Migratie Diversiteit,Inkomen,Context,Huisvesting,Huisvesting,Economische zelfstandigheid,Economische zelfstandigheid,Economische zelfstandigheid,Economische zelfstandigheid,Economische zelfstandigheid,Economische zelfstandigheid,Opleidingsniveau,Opleidingsniveau,Opleidingsniveau,Opleidingsniveau,Opleidingsniveau,Migratie diversiteit,Migratie diversiteit,Migratie diversiteit,Migratie diversiteit,Migratie diversiteit,Migratie diversiteit,Migratie diversiteit,Migratie diversiteit,Migratie diversiteit,Migratie diversiteit,Discriminatie meldingen,Inkomen,Inkomen,Huisvesting,Huisvesting,Opleidingsniveau,Migratie Diversiteit,Migratie Diversiteit,Procent met discriminatie-ervaring
5991444,s-Gravenland,s-Gravenland,1,0.11,0.371,42449.18,0.55,0.1,0.74,0.67,0.31,34131,3577,0.35,NA,5,0.89,0.04,0.03,0.02,0.02,0.06,0.3,0.09,0.26,0.29,0.01,0.52,0.16,0.14,0.1,0.08,8298,102,0.17,6896,17,2,3,2,1,2,2,2,2
5991086,Afrikaanderwijk,Afrikaanderwijk,1,0.23,0.256,20780.19,0.13,0.45,0.67,0.55,0.69,17971,3704,0.4,0.02,22,0.62,0.07,0.12,0.06,0.13,0.27,0.48,0.06,0.14,0.05,0.02,0.64,0.07,0.06,0.16,0.07,8275,128,0.48,4333,20,2,1,1,3,2,1,3,3
5990515,Agniesebuurt,Agniesebuurt,1,0.21,0.312,22984.61,0.18,0.35,0.7,0.7,0.61,19771,2285,0.42,0.05,17,0.73,0.05,0.07,0.04,0.11,0.16,0.48,0.06,0.16,0.14,0.04,0.47,0.14,0.14,0.18,0.07,4223,119,0.38,2611,15,2,2,2,2,2,2,2,3
5992459,Bedrijvenpark Noord-West,Bedrijvenpark Noord-West,1,NA,NA,NA,NA,NA,NA,NA,NA,NA,NA,NA,NA,NA,NA,NA,NA,NA,NA,NA,NA,NA,NA,NA,NA,NA,NA,NA,NA,NA,NA,NA,NA,NA,NA,NA,NA,NA,NA,NA,NA,NA,NA
5990531,Bergpolder,Bergpolder,1,0.11,0.283,26483.25,0.3,0.2,0.75,0.75,0.44,25156.5,4983,0.49,0.01,10,0.83,0.04,0.04,0.02,0.06,0.09,0.28,0.08,0.26,0.3,0.05,0.38,0.23,0.2,0.1,0.09,8195,138,0.25,6124,15,2,2,2,2,3,3,2,2
5991290,Beverwaard,Beverwaard,1,0.22,0.235,24802.29,0.39,0.31,0.56,0.63,0.56,22950,5160,0.27,0.03,16,0.7,0.08,0.09,0.05,0.08,0.19,0.62,0.06,0.09,0.03,0.04,0.53,0.07,0.04,0.28,0.08,12267,149,0.35,8005,14,2,2,2,2,1,2,2,3
5990532,Blijdorp,Blijdorp/Blijdorpse Polder,2,0.15,0.289,32166.28,0.51,0.1,0.73,0.71,0.34,30358.5,5939,0.38,0.01,5,0.91,0.03,0.02,0.01,0.03,0.06,0.21,0.07,0.3,0.36,0.05,0.38,0.31,0.21,0.03,0.07,10445,134,0.19,8487,15,2,2,2,1,2,2,2,2
5990558,Blijdorpsepolder,Blijdorp/Blijdorpse Polder,2,0.15,0.477,17248.19,0.16,NA,0.6,NA,0.57,12323,103,0.18,0.6,35,0.54,NA,NA,NA,0.27,0.29,0.56,NA,NA,NA,NA,NA,NA,NA,NA,NA,171,21,0.36,110,15,3,1,1,NA,1,NA,2,2
5991081,Bloemhof,Bloemhof,1,0.27,0.242,20566.65,0.18,0.41,0.64,0.6,0.67,18718,6454,0.39,0.02,21,0.65,0.08,0.09,0.06,0.12,0.3,0.5,0.05,0.11,0.03,0.05,0.6,0.13,0.08,0.09,0.1,14243,150,0.44,7908,20,2,1,2,3,2,2,3,3
5990321,Bospolder,Bospolder,1,0.21,0.273,21453.85,0.17,0.41,0.7,0.62,0.68,18864.5,3347,0.42,0.01,22,0.64,0.07,0.1,0.07,0.13,0.3,0.43,0.06,0.11,0.09,0.04,0.57,0.12,0.11,0.13,0.07,7118,125,0.46,3859,16,2,2,1,3,2,2,3,3
5991572,Carnisse,Carnisse,1,0.23,0.242,22804.33,0.35,0.24,0.66,0.66,0.71,21810,5955,0.4,0.01,14,0.75,0.08,0.06,0.04,0.07,0.16,0.52,0.09,0.18,0.05,0.11,0.52,0.22,0.08,0.05,0.13,11747,166,0.47,6172,12,2,2,2,2,2,2,3,3
5991570,Charlois Zuidrand,(Charlois) Zuidplein en Zuidrand,1,0.11,0.504,30984.9,0.36,NA,0.75,0.69,0.23,18060.5,276,0.11,0.51,7,0.83,0.09,NA,NA,NA,0.32,0.33,0.13,0.14,0.08,0.01,NA,NA,NA,NA,NA,450,21,0.12,394,12,3,2,2,NA,3,2,1,2
5990112,Cool,Cool,1,0.23,0.332,30145.77,0.21,0.17,0.75,0.73,0.61,26862,3286,0.6,0.03,7,0.88,0.03,0.03,0.02,0.04,0.08,0.26,0.08,0.28,0.31,0.08,0.35,0.31,0.19,0.07,0.08,5654,133,0.38,3502,15,2,2,2,2,3,3,2,3
5990113,Cs Kwartier,Cs Kwartier,1,0.21,0.307,33825.27,0.43,0.09,0.72,0.69,0.64,33062,607,0.48,NA,4,0.93,0.03,NA,NA,0.02,0.02,0.24,0.09,0.31,0.34,0.13,0.41,0.31,0.2,NA,0.05,1030,78,0.41,610,15,2,2,2,1,2,2,2,3
5990845,De Esch,De Esch,1,0.11,0.301,26127.85,0.21,0.32,0.73,0.74,0.51,23182,2649,0.47,NA,13,0.79,0.04,0.05,0.03,0.08,0.11,0.43,0.09,0.21,0.16,0.04,0.41,0.1,0.23,0.16,0.11,4620,119,0.31,3205,7,2,2,2,2,2,3,2,2
5990320,Delfshaven,Delfshaven,1,0.14,0.332,21521.04,0.17,0.35,0.76,0.73,0.59,19073,4035,0.43,0.05,15,0.76,0.05,0.05,0.04,0.1,0.17,0.35,0.09,0.21,0.18,0.04,0.43,0.14,0.17,0.15,0.1,7160,132,0.37,4541,16,2,2,1,2,3,3,2,2
5990119,Dijkzigt,Nieuwe Werk/Dijkzigt,3,0.1,0.489,25105.01,0.14,0.45,0.64,0.71,0.52,20097,471,0.41,NA,4,0.91,0.04,0.03,NA,NA,0.02,0.11,0.1,0.53,0.23,0.04,0.42,0.22,0.24,NA,NA,711,51,0.32,485,16,3,2,1,3,2,2,2,2
5991702,Dorp,Dorp/Rijnpoort,4,0.09,0.244,29142.92,0.41,0.21,0.59,0.68,0.16,25857.5,3867,0.37,0.01,9,0.83,0.05,0.04,0.03,0.05,0.11,0.6,0.09,0.15,0.04,0.01,0.49,0.23,0.04,0.12,0.12,7903,80,NA,7246,3,2,2,2,2,1,2,1,2
5992196,Eemhaven,Eemhaven,1,NA,NA,NA,NA,NA,NA,NA,NA,NA,NA,NA,NA,NA,NA,NA,NA,NA,NA,NA,NA,NA,NA,NA,NA,NA,NA,NA,NA,NA,NA,NA,NA,NA,NA,NA,NA,NA,NA,NA,NA,NA,NA
5992307,Europoort,Europoort,1,NA,NA,NA,NA,NA,NA,NA,NA,NA,NA,NA,NA,NA,NA,NA,NA,NA,NA,NA,NA,NA,NA,NA,NA,NA,NA,NA,NA,NA,NA,NA,NA,NA,NA,NA,NA,NA,NA,NA,NA,NA,NA
5991087,Feijenoord,Feijenoord,1,0.24,0.248,20822.95,0.11,0.5,0.66,0.56,0.67,17766,3373,0.38,0.01,26,0.58,0.07,0.11,0.08,0.16,0.31,0.48,0.04,0.1,0.07,0.03,0.62,0.05,0.05,0.23,0.06,7605,125,0.45,4166,20,2,1,1,3,2,1,3,3
5991289,Groot IJsselmonde,Groot IJsselmonde,1,0.16,0.234,24457.81,0.34,0.3,0.61,0.65,0.44,21968,14408,0.32,0.04,14,0.75,0.06,0.06,0.04,0.08,0.2,0.57,0.07,0.12,0.05,0.03,0.51,0.09,0.05,0.28,0.07,28840,166,0.25,21515,14,2,2,2,2,2,2,2,2
5991593,Heijplaat,Heijplaat,1,0.09,0.232,26015.69,0.32,0.32,0.55,0.54,0.36,23241,766,0.36,NA,14,0.75,0.06,0.07,0.04,0.07,0.14,0.64,0.06,0.11,0.05,0.01,0.65,0.16,NA,NA,NA,1603,52,0.2,1282,12,2,2,2,2,1,1,2,2
5991449,Het Lage Land,Het Lage Land,1,0.13,0.259,25840.08,0.38,0.26,0.63,0.71,0.43,23735,5971,0.34,0.02,11,0.82,0.04,0.04,0.03,0.06,0.08,0.57,0.08,0.17,0.1,0.04,0.44,0.1,0.17,0.23,0.06,10990,144,0.24,8302,17,2,2,2,2,2,2,2,2
5990662,Hillegersberg Noord,Hillegersberg Noord,1,0.07,0.438,40893.61,0.47,0.19,0.75,0.66,0.29,27919,4096,0.29,0.04,10,0.83,0.04,0.03,0.03,0.07,0.1,0.35,0.07,0.21,0.27,0.02,0.52,0.19,0.07,0.14,0.07,7921,115,0.16,6653,5,3,3,2,2,3,2,2,1
5990661,Hillegersberg Zuid,Hillegersberg Zuid,1,0.12,0.281,35086.2,0.63,0.06,0.73,0.68,0.25,32561,3848,0.3,NA,5,0.9,0.04,0.02,0.01,0.03,0.05,0.34,0.07,0.27,0.28,0.03,0.47,0.28,0.14,0.03,0.08,8056,114,0.14,6967,5,2,2,3,1,2,2,1,2
5991082,Hillesluis,Hillesluis,1,0.26,0.254,21493.31,0.24,0.35,0.67,0.57,0.69,19531,5192,0.38,0.02,19,0.67,0.08,0.09,0.05,0.11,0.29,0.48,0.07,0.12,0.05,0.05,0.62,0.13,0.08,0.07,0.1,12027,143,0.47,6432,20,2,2,2,2,2,1,3,3
5991692,Hoogvliet Noord,Hoogvliet Noord,1,0.14,0.232,27738.11,0.52,0.19,0.61,0.62,0.47,26269.5,5730,0.27,0.01,12,0.77,0.07,0.06,0.03,0.06,0.16,0.57,0.04,0.2,0.03,0.03,0.55,0.1,0.03,0.23,0.08,12848,134,0.28,9273,5,2,2,2,2,2,2,2,2
5991699,Hoogvliet Zuid,Hoogvliet Zuid,1,0.12,0.231,26982.75,0.39,0.23,0.54,0.66,0.33,24584,10707,0.35,0.03,11,0.81,0.05,0.05,0.03,0.06,0.14,0.65,0.06,0.12,0.03,0.02,0.5,0.1,0.04,0.27,0.09,22325,143,0.18,18242,5,2,2,2,2,1,2,2,2
5991085,Katendrecht,Katendrecht,1,0.15,0.31,28804.12,0.35,0.31,0.75,0.69,0.5,23738,2592,0.34,NA,14,0.76,0.06,0.06,0.04,0.08,0.13,0.35,0.07,0.26,0.19,0.04,0.49,0.13,0.13,0.19,0.06,5592,127,0.3,3937,20,2,2,2,2,3,2,2,2
5990451,Kleinpolder,Kleinpolder,1,0.15,0.251,24920.11,0.32,0.34,0.66,0.59,0.47,21384,3913,0.31,0.03,16,0.74,0.06,0.06,0.05,0.1,0.19,0.53,0.07,0.13,0.08,0.02,0.6,0.1,0.03,0.21,0.06,8048,112,0.28,5805,3,2,2,2,2,2,2,2,2
5991017,Kop van Zuid,Kop van Zuid,1,0.1,0.474,45140.45,0.31,0.2,0.71,0.72,0.57,32294,1660,0.48,NA,3,0.93,0.04,0.01,NA,0.01,0.01,0.18,0.09,0.34,0.37,0.07,0.38,0.31,0.17,0.08,0.07,2754,102,0.35,1790,20,3,3,2,2,2,2,2,2
5991079,Kop van Zuid - Entrepot,Kop van Zuid - Entrepot,1,0.16,0.324,30481.94,0.3,0.28,0.74,0.58,0.58,25082,3825,0.41,0,14,0.75,0.05,0.07,0.05,0.07,0.15,0.39,0.06,0.2,0.2,0.03,0.61,0.13,0.07,0.13,0.06,8102,125,0.36,5209,20,2,2,2,2,2,1,2,2
5990842,Kralingen Oost,Kralingen Oost/Kralingse Bos,5,0.08,0.567,53998.61,0.45,0.1,0.64,0.73,0.49,33204,3836,0.44,0.01,3,0.93,0.03,0.01,0.01,0.02,0.02,0.13,0.08,0.23,0.53,0.08,0.25,0.17,0.38,0.02,0.18,8198,146,0.29,5861,7,3,3,2,1,2,3,2,1
5990841,Kralingen West,Kralingen West,1,0.17,0.338,25084.09,0.26,0.28,0.77,0.72,0.54,21208,8595,0.45,0.01,13,0.78,0.05,0.05,0.04,0.08,0.17,0.32,0.07,0.19,0.25,0.05,0.43,0.13,0.21,0.15,0.08,16062,172,0.32,10861,7,2,2,2,2,3,2,2,2
5990843,Kralingse Bos,Kralingen Oost/Kralingse Bos,5,0.08,0.387,31330.9,0.38,NA,0.61,NA,0.06,25301,50,0.62,NA,8,0.83,NA,NA,NA,NA,0.28,0.54,NA,0.14,NA,0.01,NA,NA,NA,NA,NA,104,4,NA,101,7,3,2,2,NA,2,NA,1,1
5991446,Kralingseveer,Kralingseveer,1,0.11,0.251,29311.08,0.69,0.1,0.71,0.71,0.24,28026,734,0.19,NA,9,0.83,0.06,0.05,0.02,0.04,0.21,0.44,0.09,0.2,0.07,0.02,0.46,0.18,0.2,NA,NA,1637,53,0.13,1428,7,2,2,3,1,2,2,1,2
5990457,Landzicht,Landzicht,1,NA,0.212,22236.73,0.31,0.32,0.53,NA,0.06,19671.5,201,0.37,NA,22,0.66,NA,0.08,0.07,0.15,0.55,0.41,NA,NA,NA,NA,NA,NA,NA,NA,NA,384,8,NA,373,3,1,2,2,2,1,NA,1,NA
5990534,Liskwartier,Liskwartier,1,0.15,0.306,27722.55,0.36,0.24,0.77,0.69,0.45,24487,3966,0.39,0.02,12,0.8,0.04,0.05,0.03,0.07,0.16,0.29,0.07,0.23,0.25,0.03,0.49,0.18,0.14,0.1,0.09,7708,117,0.26,5678,15,2,2,2,2,3,2,2,2
5991284,Lombardijen,Lombardijen,1,0.16,0.261,24151.03,0.29,0.33,0.62,0.64,0.55,21093,7057,0.34,0.03,16,0.72,0.06,0.07,0.05,0.09,0.2,0.56,0.05,0.14,0.05,0.05,0.52,0.09,0.04,0.28,0.07,14222,146,0.33,9467,14,2,2,2,2,2,2,2,2
5990325,Middelland,Middelland,1,0.12,0.337,26260.58,0.29,0.24,0.77,0.73,0.58,22873.5,6378,0.46,0.01,11,0.81,0.05,0.04,0.03,0.07,0.14,0.31,0.07,0.24,0.24,0.06,0.42,0.2,0.17,0.1,0.1,12015,162,0.36,7729,16,2,2,2,2,3,3,2,2
5990665,Molenlaankwartier,Molenlaankwartier,1,0.06,0.4,49896.07,0.69,0.08,0.71,0.6,0.23,38749.5,3506,0.18,0.04,4,0.92,0.03,0.02,0.01,0.02,0.05,0.17,0.07,0.36,0.35,0.03,0.56,0.29,0.08,NA,0.06,8251,92,0.12,7255,5,3,3,3,1,2,2,1,1
5991468,Nesselande,Nesselande,1,0.11,0.276,39459.02,0.74,0.07,0.71,0.66,0.26,36285,4601,0.17,0.02,5,0.89,0.05,0.03,0.01,0.02,0.05,0.36,0.05,0.34,0.2,0.01,0.53,0.15,0.11,0.16,0.05,12783,103,0.14,11020,17,2,3,3,1,2,2,1,2
5990836,Nieuw Crooswijk,Nieuw Crooswijk,1,0.14,0.336,26826.74,0.2,0.32,0.76,0.69,0.45,21724,1647,0.47,0.01,15,0.75,0.05,0.06,0.05,0.08,0.14,0.32,0.07,0.25,0.22,0.04,0.48,0.16,0.08,0.21,0.08,3430,100,0.26,2532,7,2,2,2,2,3,2,2,2
5991926,Nieuw Mathenesse,Nieuw Mathenesse,1,NA,0.355,21669.39,0.07,0.18,0.69,0.59,0.95,21485,186,0.75,NA,4,0.91,NA,NA,NA,NA,NA,0.12,0.1,0.36,0.39,0.21,0.14,0.21,0.59,NA,0.06,654,85,0.86,90,16,2,2,1,2,2,2,3,NA
5990118,Nieuwe Werk,Nieuwe Werk/Dijkzigt,3,0.1,0.532,45221.54,0.44,0.15,0.65,0.72,0.46,30835,1172,0.41,NA,2,0.95,0.02,0.01,NA,0.02,NA,0.12,0.08,0.32,0.48,0.07,0.3,0.33,0.27,NA,0.07,2087,88,0.27,1529,16,3,3,2,2,2,2,2,2
5990324,Nieuwe Westen,Nieuwe Westen,1,0.21,0.323,23780.04,0.24,0.31,0.77,0.67,0.61,20287.5,9412,0.43,0.02,16,0.74,0.06,0.06,0.05,0.09,0.2,0.32,0.09,0.2,0.19,0.04,0.52,0.15,0.13,0.12,0.08,19508,177,0.39,11929,16,2,2,2,2,3,2,2,3
5990452,Noord Kethel,NoordKethel/Schieveen/Zestienhoven,6,0.08,0.263,36470.94,0.74,NA,0.63,NA,0.09,39341,34,NA,NA,4,0.85,NA,NA,NA,NA,NA,0.42,NA,0.4,0.19,NA,NA,NA,NA,NA,NA,65,4,NA,62,3,2,3,3,NA,2,NA,1,1
5991088,Noordereiland,Noordereiland,1,0.15,0.299,28810.34,0.31,0.26,0.76,0.72,0.45,25108,1925,0.42,0.01,13,0.79,0.05,0.05,0.04,0.08,0.3,0.27,0.04,0.2,0.18,0.04,0.44,0.2,0.11,0.18,0.07,3358,109,0.26,2491,20,2,2,2,2,3,2,2,2
5991463,Ommoord,Ommoord,1,0.09,0.241,26958.58,0.38,0.26,0.64,0.65,0.31,24269,13217,0.34,0.02,11,0.81,0.04,0.04,0.03,0.07,0.13,0.54,0.07,0.19,0.07,0.02,0.47,0.09,0.05,0.33,0.05,25716,165,0.17,21310,17,2,2,2,2,2,2,2,2
5991467,Oosterflank,Oosterflank,1,0.11,0.243,25439.53,0.33,0.33,0.67,0.68,0.47,22648,5558,0.33,0.01,16,0.73,0.05,0.06,0.05,0.11,0.17,0.52,0.09,0.14,0.08,0.03,0.5,0.11,0.11,0.23,0.06,10570,144,0.27,7676,17,2,2,2,2,2,2,2,2
5991574,Oud Charlois,Oud Charlois,1,0.24,0.261,23235.59,0.33,0.29,0.67,0.63,0.6,21225.5,6799,0.36,0.02,16,0.73,0.06,0.07,0.04,0.09,0.16,0.51,0.07,0.19,0.07,0.05,0.56,0.18,0.1,0.06,0.11,13826,153,0.37,8678,12,2,2,2,2,2,2,2,3
5990837,Oud Crooswijk,Oud Crooswijk,1,0.22,0.252,20702.76,0.08,0.47,0.68,0.59,0.58,18270.5,4034,0.41,0.03,23,0.63,0.06,0.09,0.07,0.15,0.26,0.48,0.07,0.12,0.07,0.03,0.58,0.06,0.07,0.24,0.05,8161,128,0.36,5190,7,2,1,1,3,2,2,2,3
5991283,Oud IJsselmonde,Oud IJsselmonde,1,0.12,0.258,33307.68,0.69,0.07,0.65,0.66,0.38,31206,2686,0.23,NA,7,0.86,0.05,0.03,0.02,0.03,0.08,0.53,0.07,0.22,0.09,0.02,0.53,0.15,0.09,0.15,0.08,5980,109,0.21,4711,14,2,2,3,1,2,2,2,2
5990327,Oud Mathenesse,Oud Mathenesse/Witte Dorp,7,0.21,0.243,22993.02,0.36,0.27,0.62,0.68,0.72,21644,3811,0.36,0,14,0.77,0.06,0.05,0.04,0.08,0.18,0.57,0.06,0.12,0.08,0.1,0.5,0.21,0.1,0.07,0.12,7192,138,0.49,3685,16,2,2,2,2,2,2,3,3
5990535,Oude Noorden,Oude Noorden,1,0.19,0.293,23609.32,0.2,0.35,0.74,0.66,0.58,20325,8649,0.45,0.01,18,0.71,0.06,0.07,0.05,0.11,0.19,0.4,0.08,0.17,0.17,0.03,0.52,0.12,0.1,0.18,0.08,17026,168,0.36,10902,15,2,2,2,2,2,2,2,2
5990111,Oude Westen,Oude Westen,1,0.22,0.328,23977.31,0.18,0.36,0.77,0.71,0.66,19247,5085,0.42,0.04,17,0.72,0.05,0.07,0.05,0.11,0.18,0.26,0.05,0.24,0.26,0.04,0.46,0.16,0.13,0.18,0.07,9602,147,0.43,5476,15,2,2,2,2,3,2,3,3
5990456,Overschie,Overschie,1,0.11,0.27,30795.46,0.64,0.15,0.66,0.67,0.28,28156,3155,0.21,0,9,0.84,0.05,0.04,0.02,0.05,0.11,0.52,0.06,0.19,0.11,0.02,0.52,0.16,0.06,0.15,0.11,6842,104,0.15,5819,3,2,2,3,2,2,2,2,2
5991577,Pendrecht,Pendrecht,1,0.16,0.238,23084.99,0.31,0.34,0.63,0.62,0.63,21150.5,5634,0.32,0.04,19,0.68,0.06,0.08,0.06,0.11,0.21,0.56,0.09,0.11,0.04,0.04,0.56,0.09,0.04,0.22,0.08,12221,138,0.4,7329,12,2,2,2,2,2,2,2,2
5991391,Pernis,Pernis,1,0.05,0.218,30535.64,0.71,0.1,0.5,0.64,0.2,29126,2251,0.17,0.02,6,0.87,0.05,0.04,0.02,0.03,0.1,0.68,0.04,0.15,0.03,0.01,0.55,0.15,0.05,0.09,0.16,4875,76,0.1,4371,NA,1,2,3,1,1,2,1,1
5991448,Prinsenland,Prinsenland,1,0.12,0.299,29442.65,0.37,0.27,0.69,0.68,0.37,24123,5144,0.34,0.02,13,0.79,0.04,0.04,0.03,0.09,0.12,0.49,0.08,0.18,0.13,0.02,0.44,0.11,0.07,0.33,0.05,9819,124,0.21,7743,17,2,2,2,2,2,2,2,2
5990516,Provenierswijk,Provenierswijk,1,0.15,0.336,26418.64,0.26,0.28,0.76,0.73,0.55,22797,2621,0.43,0.03,12,0.8,0.05,0.05,0.03,0.07,0.11,0.26,0.07,0.3,0.25,0.05,0.4,0.22,0.22,0.09,0.06,4685,114,0.33,3117,15,2,2,2,2,3,3,2,2
5991703,Rijnpoort,Dorp/Rijnpoort,4,0.09,0.307,31570.65,0.58,NA,0.68,NA,0.06,29510,26,0.42,NA,2,0.85,NA,NA,NA,NA,NA,0.38,0.34,NA,NA,0.02,NA,NA,NA,NA,NA,64,3,NA,62,3,2,2,3,NA,2,NA,1,2
5992704,Rozenburg,Rozenburg,1,0.09,0.228,29653.67,0.55,0.17,0.48,0.64,0.22,27870,5729,0.27,0.01,8,0.84,0.05,0.05,0.02,0.04,0.12,0.7,0.06,0.1,0.02,0.02,0.54,0.13,0.04,0.18,0.11,12510,120,0.12,11025,4,2,2,2,2,1,2,1,2
5990814,Rubroek,Rubroek,1,0.17,0.297,23719.99,0.17,0.34,0.76,0.75,0.57,20776,4646,0.46,0.02,15,0.76,0.05,0.06,0.05,0.09,0.19,0.36,0.06,0.19,0.2,0.07,0.38,0.18,0.23,0.13,0.09,8278,143,0.35,5411,7,2,2,1,2,3,3,2,2
5990660,Schiebroek,Schiebroek,1,0.11,0.298,27984.78,0.39,0.31,0.71,0.66,0.37,23186.5,8128,0.27,0.03,15,0.75,0.05,0.06,0.05,0.09,0.12,0.45,0.07,0.2,0.16,0.02,0.45,0.1,0.05,0.34,0.06,17052,149,0.2,13560,5,2,2,2,2,2,2,2,2
5990329,Schiemond,Schiemond,1,0.12,0.322,30968.93,0.42,0.29,0.75,0.57,0.57,25382.5,2588,0.29,0,14,0.75,0.06,0.07,0.04,0.07,0.17,0.36,0.06,0.21,0.2,0.03,0.62,0.14,0.06,0.1,0.07,5386,114,0.36,3473,16,2,2,2,2,3,1,2,2
5990454,Schieveen,NoordKethel/Schieveen/Zestienhoven,6,0.08,0.274,38079.54,0.77,NA,0.65,NA,0.13,32841,149,0.16,NA,4,0.92,NA,NA,NA,NA,0.09,0.54,0.11,0.14,0.12,0.01,NA,NA,NA,NA,NA,337,12,NA,315,3,2,3,3,NA,2,NA,1,1
5991853,Spaanse Polder,Spaanse Polder,1,NA,0.311,32586.62,0.38,NA,0.7,NA,0.26,31987,52,0.58,NA,3,0.85,NA,NA,NA,NA,NA,0.47,NA,NA,NA,0.04,NA,NA,NA,NA,NA,101,12,0.14,87,3,2,2,2,NA,2,NA,1,NA
5990323,Spangen,Spangen,1,0.17,0.264,23247.55,0.27,0.34,0.7,0.56,0.65,20807,4452,0.38,0.01,17,0.69,0.08,0.08,0.06,0.09,0.28,0.44,0.06,0.13,0.09,0.04,0.64,0.1,0.06,0.12,0.08,10433,136,0.43,5976,16,2,2,2,2,2,1,3,2
5990110,Stadsdriehoek,Stadsdriehoek,1,0.16,0.377,31453.73,0.3,0.16,0.74,0.75,0.56,28078,10033,0.5,0.04,7,0.88,0.03,0.02,0.02,0.05,0.06,0.35,0.08,0.24,0.27,0.09,0.31,0.28,0.25,0.07,0.09,16838,170,0.34,11184,15,3,2,2,2,2,3,2,2
5991701,Strand en Duin,Strand en Duin,1,0.01,0.272,44319.37,0.91,NA,0.64,0.6,0.1,38016,913,0.09,NA,2,0.94,0.03,0.02,NA,NA,0.07,0.53,0.06,0.25,0.09,0.01,0.59,0.16,NA,NA,NA,2402,39,NA,2278,3,2,3,3,NA,2,2,1,1
5990847,Struisenburg,Struisenburg,1,0.08,0.401,26650.98,0.28,0.21,0.74,0.66,0.7,24089,3284,0.5,NA,6,0.9,0.03,0.02,0.01,0.03,0.07,0.21,0.09,0.28,0.34,0.19,0.14,0.13,0.52,0.03,0.18,5567,141,0.46,3010,7,3,2,2,2,2,2,3,1
5991571,Tarwewijk,Tarwewijk,1,0.25,0.252,21522.48,0.23,0.33,0.63,0.63,0.73,20034,5947,0.42,0.01,17,0.71,0.08,0.07,0.05,0.1,0.23,0.54,0.07,0.1,0.06,0.08,0.56,0.18,0.08,0.06,0.12,12590,150,0.5,6291,NA,2,2,2,2,2,2,3,3
5990664,Terbregge,Terbregge,1,0.08,0.332,42725.68,0.72,0.07,0.72,0.57,0.25,36585,1325,0.21,NA,6,0.88,0.05,0.03,0.01,0.03,0.06,0.4,0.08,0.24,0.22,0.01,0.61,0.22,0.08,NA,NA,3438,82,0.13,2985,5,2,3,3,1,2,1,1,1
5990322,Tussendijken,Tussendijken,1,0.2,0.257,20621.53,0.12,0.43,0.71,0.64,0.69,18188.5,3626,0.43,0.02,22,0.65,0.07,0.09,0.06,0.13,0.31,0.41,0.06,0.13,0.1,0.04,0.55,0.12,0.09,0.11,0.12,7356,129,0.47,3924,16,2,1,1,3,2,2,3,2
5991080,Vreewijk,Vreewijk,1,0.15,0.227,22255.6,0.14,0.41,0.6,0.66,0.46,19823.5,7367,0.41,0.03,20,0.67,0.06,0.09,0.06,0.12,0.24,0.57,0.05,0.1,0.04,0.03,0.51,0.12,0.05,0.23,0.09,14562,135,0.27,10610,20,2,2,1,3,1,2,2,2
5992194,Waalhaven,Waalhaven,1,NA,NA,NA,NA,NA,NA,NA,NA,NA,NA,NA,NA,NA,NA,NA,NA,NA,NA,NA,NA,NA,NA,NA,NA,NA,NA,NA,NA,NA,NA,NA,NA,NA,NA,NA,NA,NA,NA,NA,NA,NA,NA
5992198,Waalhaven Zuid,Waalhaven Zuid,1,NA,NA,NA,NA,NA,NA,NA,NA,NA,NA,NA,NA,NA,NA,NA,NA,NA,NA,NA,NA,NA,NA,NA,NA,NA,NA,NA,NA,NA,NA,NA,NA,NA,NA,NA,NA,NA,NA,NA,NA,NA,NA
5991575,Wielewaal,Wielewaal,1,0.24,0.239,20392.94,0.08,0.38,0.64,0.66,0.34,19004.5,237,0.53,NA,23,0.65,0.07,0.05,0.05,0.17,0.21,0.54,0.07,0.14,0.04,0.02,0.5,NA,NA,NA,NA,401,38,0.19,324,12,2,1,1,3,2,2,2,3
5990328,Witte Dorp,Oud Mathenesse/Witte Dorp,7,0.21,0.207,21792.46,0.26,0.42,0.62,0.27,0.55,19497,242,0.32,NA,21,0.66,0.07,0.08,0.07,0.12,0.34,0.49,NA,0.14,NA,0.03,0.85,NA,NA,0.14,NA,592,27,0.34,390,16,1,2,2,3,2,1,2,3
5990455,Zestienhoven,NoordKethel/Schieveen/Zestienhoven,6,0.08,0.29,42204.86,0.72,0.06,0.72,0.7,0.2,39306,1203,0.15,0.06,5,0.9,0.05,0.02,NA,0.02,0.05,0.24,0.07,0.28,0.37,0.01,0.47,0.19,0.15,0.13,NA,3520,71,0.1,3157,3,2,3,3,1,2,2,1,1
5991466,Zevenkamp,Zevenkamp,1,0.14,0.249,26578.99,0.42,0.26,0.62,0.66,0.41,24342,7542,0.27,0.04,14,0.75,0.06,0.06,0.04,0.08,0.13,0.57,0.07,0.16,0.07,0.02,0.5,0.1,0.05,0.28,0.08,16111,148,0.23,12358,17,2,2,2,2,2,2,2,2
5991578,Zuiderpark,Zuiderpark,1,0.12,0.268,19596.67,0.14,0.2,0.68,0.48,0.33,18200,901,0.27,0.4,19,0.75,0.03,0.05,0.04,0.14,0.23,0.46,0.02,0.07,0.21,0.01,0.7,NA,NA,NA,NA,1273,50,0.18,1041,12,2,1,1,2,2,1,2,2
5991576,Zuidplein,(Charlois) Zuidplein en Zuidrand,1,0.11,0.252,25335.93,0.32,0.17,0.64,0.67,0.55,23773.5,775,0.47,0.03,8,0.85,0.04,0.03,0.02,0.05,0.13,0.55,0.1,0.16,0.05,0.04,0.51,0.19,0.06,0.1,0.13,1300,64,0.33,870,12,2,2,2,2,2,2,2,2
5991573,Zuidwijk,Zuidwijk,1,0.2,0.243,22570.92,0.22,0.39,0.61,0.64,0.56,19984,7002,0.35,0.03,20,0.68,0.06,0.07,0.06,0.13,0.2,0.57,0.05,0.11,0.07,0.04,0.52,0.08,0.04,0.27,0.08,13893,146,0.34,9162,12,2,2,2,3,2,2,2,2